,A,B,C1,C2,SSE,m,qual,t1,t2,tc,w
0,9.040024436441087,-0.14257466065432958,-0.0005699543903641357,0.007080296170557851,0.01987006235417349,-404.1335237049404,0,701,730,434.6927377583209,-305.8365434812368
1,9.058583004663102,-0.14631971576884512,0.003660525401542799,-0.002096205013688882,0.025443820851524628,-370.6010013961182,0,672,730,1011.1651298223045,-378.3780229931478
2,8.879232376407797,-0.006184688824394653,-0.0007826187256186087,-0.00017281202336168073,0.0018094407453164085,-433.65718919841385,0,644,730,730.9965416049696,438.9809415203271
3,8.881118134290896,-0.0007838658328433196,5.472247229530666e-05,-3.829205615427394e-05,0.44200499741660126,1.9644565087938983,0,616,730,671.8706429470295,356.14075576148616
4,8.878506673516664,-0.0007868436251438164,-4.596607805593499e-06,-4.903064825686003e-05,0.34243280504939555,1.8199132210313038,0,585,730,660.9599630465468,368.4923734723152
5,8.865702221682907,-0.002130584821572528,0.00033234442019360505,-0.00013419023987298802,0.0033359299967188967,-419.791251070895,0,557,730,1094.2860818811725,-396.7899230893105
6,8.918682876882679,-0.009381847423743565,2.752966775818004e-05,-0.0005566095076202222,0.009950245922657306,-358.41092059782477,0,528,730,1059.77817606167,241.54115090499178
7,8.958171847311043,-0.020230494153588487,0.0009810587013029499,-0.0004643810351357453,0.00787426120829173,0.4999013977033627,0,499,730,432.5018542938066,296.1959179758731
8,8.941526969836783,-0.01900899334201538,-0.0007177824946934727,-0.0006475966901121054,0.01581774924363423,-405.00389029762744,0,471,730,731.2675092509638,405.5255491642665
9,8.86006303663919,-0.0006815518198045195,9.077436813677614e-05,-4.273815324588227e-05,0.16087387153458266,1.5381661190907638,0,442,730,586.6501638235056,5.1488183041995095
10,9.142841105212563,-0.06283408798586153,-0.0005781379743953498,-0.0013676082408872025,0.012810095199387389,0.40728756197141947,0,414,730,518.7583673456991,288.41922959353184
11,8.966242065464288,-0.011019653736490394,-0.00018838259703987963,0.0004589543450002869,0.010292983695598739,0.7170192248580296,0,385,730,548.4325688250808,301.5169082636471
12,8.857302802884265,-0.0011740795658304395,5.514021224066803e-05,8.220684729504259e-05,0.009905369690430663,-360.1579006490157,0,352,730,925.6471810828975,-312.9329895846335
13,8.860555127904213,-0.0012122747641655027,0.00011197742798700676,-4.0353384380847645e-05,0.025669402713085845,1.180412302671574,0,323,730,538.2649471456963,4.846961872180007
14,8.870599341227503,-0.0006376751387954924,5.4931068361413216e-05,2.6364285828620118e-05,0.015908399810296833,-407.11914085099386,0,295,730,731.9840418271446,-370.60418332988297
15,8.932317969710255,-0.0012699125280731065,-6.784592164326568e-05,-4.5535890341788174e-05,0.02995402174474495,-148.0351891412423,0,267,730,1054.04692523242,-124.34503312503175
16,8.943699104876208,-0.0026687033652211018,-0.00018417704889750643,-2.9263289874453072e-05,0.0011590431773903943,0.6959956702113204,0,238,730,1075.4515624699175,6.66467610609252
17,8.976819502057182,-0.0012857607978236979,-6.743009477199827e-06,7.49296771612162e-05,0.04613240043548589,-356.71151117468133,0,210,730,741.2454293127252,311.69012400743117
18,8.847328507977242,-0.0006268839367237268,-3.815425804643347e-05,-2.1675695530971086e-05,0.8718262849908086,-14.914643369230706,0,179,730,724.4999969485721,12.835383233479089
19,8.848654313308193,-0.000626797168466492,-3.505065820949062e-05,-2.1449887675291393e-05,0.021550639605289686,-394.87270585187036,0,151,730,726.5240405905782,-348.8075444834067
20,8.848493223058169,-0.0006186895852104741,-2.5525891236959372e-05,-2.098710496803561e-05,0.07051552002636133,1.2876643869463895,0,122,730,447.2586116854467,17.416357652533065
21,8.906174937672384,-0.0012927611261958976,5.2827824336181815e-05,-2.3408752009399915e-05,0.03856069621472363,-363.5747946498051,0,94,730,773.3797754022669,-323.5566863198289
22,8.932409851626044,-0.0013137763368339915,-6.473420821743792e-06,-5.22301837486719e-05,0.0012640730789973882,0.828544340659945,0,65,730,1051.8691566249986,388.2949443440782
23,8.851297398267736,-0.0006109268150296793,-6.604182839420342e-06,-3.337364836494434e-05,0.060161055656389434,1.2542818523408623,0,36,730,429.74556500941947,325.43450281257674
24,8.850854187725144,-0.000603573003784272,-2.914750666457093e-06,-2.6525791569935736e-05,0.033287526549230693,-382.7546588023675,0,7,730,730.9977085084884,415.5016547589678
25,8.93068484703752,-0.010454631280286938,0.0005507892169489296,-0.001004232482329213,0.3017248178289722,1.8916176966249434,0,731,759,745.6656042653541,302.87004729018435
26,8.926809132763053,-0.007860257707080147,0.00029806124304393114,0.0007981065106886189,0.0021736672648503957,-438.09774146318284,0,701,759,755.0022220879262,463.88987217757057
27,8.91697304816807,-0.001636223679851799,-0.0005346165246704712,6.493638628510891e-06,0.6211722618328039,2.0226619262656182,0,672,759,715.5182773567657,2.619245862153757
28,8.963364095528805,-0.03448219189353938,-0.0013829637517127147,-0.0006120809549924509,0.00819896753642899,-283.8653761587989,0,644,759,376.68838555678,374.77809663266754
29,8.926452304019575,-0.006976634044403076,-0.0010085465672850394,0.00024694678135890315,0.005801978817780927,-413.87112173244145,0,616,759,1122.386929970876,-353.9648121485542
30,9.787975283265823,-0.5689920858046698,-0.004552626978009524,-0.0015191183477728405,0.004628235045620851,0.13248177768556932,0,585,759,739.077522074809,396.74984598650957
31,9.678936221369538,-0.5067968280624121,-0.00506118935706998,0.002872277897406489,0.0024559997323978016,0.12889755557442825,0,557,759,740.7132353848314,-367.8411966381485
32,8.96096925854736,-0.020689582057691853,0.000735225467881757,-0.0006531292148725944,0.014784062529414032,-311.40183315271094,0,528,759,1060.307709319279,228.76619858963255
33,9.019001403598805,-0.04664555494383659,0.0017027629160438803,-0.0001765944305814693,0.027676801700263706,-384.9182935042396,0,499,759,760.9449281257437,396.6602739009985
34,8.941507731140218,-0.01905080277272955,-0.0008180028909353974,-0.0005430861744242736,0.0143480070638138,-261.0841194022192,0,471,759,1050.3457709317497,-259.3376376919323
35,9.392143521299044,-0.1880364250404428,0.00040607347951474303,-0.003450620236304388,0.0069715580062793235,0.2661998069695413,0,442,759,672.1450253721827,-327.90290972238836
36,9.893471903170399,-0.6223510026256698,-0.0032363214618331545,-0.00461703744792031,0.0019145304449769344,0.1181642161391317,0,414,759,759.9303933708708,346.36308194362834
37,9.013261470684322,-0.024756879776380407,-0.00010387021422890882,0.0009599929004814405,0.0032185592221085713,0.3260906247269625,0,385,759,1143.7716745875232,5.543678998672124
38,9.248170333888158,-0.0017820497262303642,0.0005930131493077064,8.062208707480635e-05,0.12954283148306275,-258.2159363084737,0,352,759,1028.806412473578,179.2008844484072
39,9.234702713212462,-0.003326907626314009,0.000953067886089531,6.305526235677189e-05,0.027183123614703427,1.056564850290154,0,323,759,594.1509466822927,3.5587513576527163
40,9.175716276246582,-0.00305079086427922,0.0008425123924247029,-4.0008585725256404e-05,0.024788627178479943,1.0673734253440845,0,295,759,562.4656908844598,3.5600592806631175
41,8.910152405707576,-0.0052853147194460446,0.00048779626024040245,-0.00012580064033627827,0.004388722674319595,0.7605260425379503,0,267,759,580.1501694638179,-334.9649097052464
42,8.910306143031637,-0.005223923855154582,0.00044850036680173493,-0.00015951713985757287,0.004839497714285983,0.7594228917209622,0,238,759,564.544729608769,-329.71592804914667
43,8.910720164950694,-0.0051737396006228745,0.00042630506066140464,-0.00019740608834978798,0.0033736792292780376,0.7448195889659904,0,210,759,585.0573486190713,-339.8262780835878
44,8.915290325183818,-0.005290897744240887,0.00042581429289719565,-0.00010642751701279955,0.002064442148657147,0.5718536102142736,0,179,759,1084.143708751858,4.161822535108228
45,8.889962132658683,-0.001329295007616253,1.5830117042284258e-06,6.92349810747675e-05,0.02839988983908004,-84.4883540636006,0,151,759,995.2060785087124,-69.20242618479988
46,8.89078492311019,-0.0013223310335822075,-3.670972808755116e-06,5.943703433694877e-05,0.7905942897159162,-13.819049602349487,0,122,759,756.4993611176112,15.754566749488529
47,8.940755747938653,-0.0028600094459758094,0.00011173169008182833,-3.8595473394409724e-05,0.0016503366827116358,0.7180246858510622,0,94,759,1024.8593009635397,-126.25735125763028
48,8.943802345983727,-0.0028700047379743242,0.00011038282287639967,-2.3654768457937272e-05,0.002036586518339088,0.7099216035065198,0,65,759,1078.8222532333712,-184.60091591429276
49,8.8969138230776,-0.001333393995387645,5.34163328905058e-05,-2.2009579132168096e-05,0.001361052531350287,0.8325262441365389,0,36,759,934.4378297747165,393.40332030935906
50,8.90199360499931,-0.0029334898616827413,-0.0025121419906854177,0.0018111487075499024,1.6284877853626678,3.1077068573912765,0,760,788,774.002170608514,5.989856226709273
51,8.839994557854736,0.008287672795129129,-0.001906466616956545,-0.0050241460081861065,3.3920201523805154,-11.967607669590885,0,731,788,764.5001854107463,-1.7541832815229867
52,8.861921880015785,0.004582765059269282,0.010189969043243086,-0.00839928972508139,46.01822886961017,-13.821124236534976,0,701,788,771.5203122443135,-5.289630621530542
53,8.863650923360284,0.003850467748157432,0.00687190729617451,-0.011212314914117321,0.0005237241240732673,-430.60364648637875,0,672,788,768.5609447536812,-427.4803883555787
54,8.885304821950214,-0.00509990102447476,0.011006215628283283,-0.0033554951997639597,0.2551377144248184,1.4260306763010824,0,644,788,716.452453855413,1.716156003513707
55,8.92035298279049,-0.018001649185329448,0.006167681263815693,0.0055457212167230804,0.004558590369747845,-407.00531294195173,0,616,788,1205.9370105215821,-375.76365286981013
56,8.91256443055939,-0.0052915021210778075,6.317403282568685e-05,0.0003087123795465443,0.042648112498986035,1.0346191051760651,0,585,788,689.406243988948,-207.32720273309582
57,8.904497326811873,-0.005101535968624941,0.001462448732561077,0.002258502076965618,0.13760855947003833,1.2680382612007293,0,557,788,674.2922961939863,1.6082856596255497
58,8.96399144945734,-0.029246392596651204,0.0005501231609623398,0.006682235664867145,0.0046892364910992666,0.3602257545796779,0,528,788,443.7337744264288,-340.76954562334885
59,9.273985422350142,-0.27116516023898957,-0.00515123804706977,0.018282610079883584,0.0006651155569030725,0.11824570384608951,0,499,788,787.462697436463,-414.79865789626814
60,8.976526659236038,-0.0007027650578929073,8.522500034805626e-06,-5.627108465766289e-05,0.150087753439211,1.4983242979023668,0,471,788,631.6560165816127,8.62135885401486
61,9.120056140203273,-0.029604069124099592,-0.0004530466527896222,0.0009293437180615629,0.013526280673961114,0.54483579652453,0,442,788,590.8620515516387,324.0435776022305
62,9.520297194816871,-0.21327323193725936,0.0014923877263209283,-0.003023688366086812,0.007142622292333147,0.2581660351080247,0,414,788,727.744237407733,329.2668079619873
63,8.922925840257577,-0.00987114781873229,0.0004573687233115593,0.0002711751709430967,0.015437840530530059,-242.429976474619,0,385,788,1017.394151306669,272.69680474136266
64,9.00473105563853,-0.0014259993781289527,5.4675118884077774e-05,-6.154662807837373e-05,0.0348141759114946,-135.09031994391722,0,352,788,1148.8287385587494,-253.89059994486425
65,9.010971473059842,-0.001427344577653321,6.169294382756774e-05,-4.7116288181582114e-05,0.007215375387993999,0.728721187533858,0,323,788,1212.6780047223406,6.999355052587363
66,8.929521127893883,-0.0007024609099851009,-8.545949041200533e-06,6.486848600174951e-05,0.023936701165756337,-401.2211927434426,0,295,788,805.8403073275344,-364.6590057049552
67,8.91465029824591,-0.005339754953299531,0.00048013093574839197,-7.568267491410846e-05,0.02324463708474328,-399.29139549067463,0,267,788,754.3212680483974,-377.85497655851844
68,9.132102376127431,-0.006988951193327008,-0.00026467255641365525,3.386112080549237e-05,0.09223682089984973,-329.1924801286,0,238,788,789.8884831121062,-325.8318063312388
69,9.113939572883389,-0.006868230595643225,-0.00023798597579346368,0.00015132275768182314,0.0073129598269522054,0.7518040998259695,0,210,788,685.740129738597,12.907616766504395
70,9.151771167387107,-0.0071168414347838405,-0.0002227431743285553,-6.700742997076124e-05,0.006168514107651968,0.7309663153273084,1,179,788,753.8805559664386,10.676186375272858
71,8.889964029516422,-0.0013287583546625458,1.5281080261362951e-06,6.938483071241221e-05,0.027125789761071734,-50.272866843275885,0,151,788,1005.7004070016469,-28.289905406266662
72,9.052931683448094,-0.001420067555640698,-2.0485834368304653e-05,-3.5089672873802794e-05,0.0006871434975206464,0.8541114967969266,0,122,788,1141.6885150077367,407.0856382928569
73,8.909393049411152,-0.001305543024596424,5.208386586571596e-05,-2.2928945501834163e-05,0.0028568701492475484,0.7912545985043357,0,94,788,1086.4393975309627,16.804716870891184
74,8.936665954270312,-0.0013294273952921389,-7.726997429289885e-06,-5.182061981696068e-05,0.001671574904560835,0.9385290985873059,0,65,788,692.2005966545897,372.74799550973677
75,8.803971610858273,0.024314224667219525,0.002063613561345487,0.006076970959720901,0.7881503156118252,1.8364272895693428,0,791,819,804.7816848162875,6.693383739796009
76,8.828203857042205,0.0013511148993356986,-0.0006348926032280596,-0.0006878524305567169,1.16266233773686,2.489076665014013,0,760,819,789.4382778659362,6.080781585404652
77,8.909768289654059,-0.0023730389820680584,0.00045085371527909493,-0.002266853390292136,0.5688231875050075,2.0024175394171193,0,731,819,774.5044826787819,4.881672896652166
78,8.926021401767708,-0.014859584370049297,0.0020565298391044887,-0.006662174947640918,2.107187225637233,-10.68690897829199,0,701,819,791.500082835686,1.831415740696853
79,8.863616404811296,0.002374031735456756,0.0031860863028473933,-0.003419759418004715,26.87645703891694,-16.478139684081114,0,672,819,771.5102604665766,-4.8911850551478855
80,8.892351825952558,-0.010816151646360808,0.018578993357103054,-0.005196044459204674,0.001487668223143278,-429.3360480385585,0,644,819,776.2722076855395,-420.53633483691846
81,8.902121290346713,-0.007066019193531109,0.006199704514995413,0.00037273217756750965,0.20500895014058634,1.4750034885900163,0,616,819,716.7002012255401,1.4633539984684776
82,574.9060859698388,-566.1042460538737,-0.095037117851383,0.019937745331493634,105085.34032931869,-0.4158971506527975,0,585,819,799.4991814988408,2.5387128646829
83,8.93278019670411,-0.013180987004232887,0.0009033054112706214,0.0033822223484800402,0.01865320705920942,0.6104064931315584,0,557,819,584.5967536253029,-309.403815030153
84,8.934859514510286,-0.013551794249408777,0.0003853973117120414,0.00356606564088211,0.01036864943682469,0.5314958371795412,0,528,819,519.5908335084622,-323.50710612667183
85,8.95860185474815,-0.028100680829206515,1.81516996408658e-05,0.006899421916548333,0.013379538595494454,-17.914272898222258,0,499,819,433.7808667125644,-352.95655352809996
86,8.935539048403415,-0.013563598015743533,-0.0002122741981905704,0.003661063835128108,0.00837932160617262,0.5002517118649099,0,471,819,512.7350162127574,-330.70036696270046
87,8.904839869349145,-0.0006842747391087357,-6.392914573572659e-05,3.826685659533301e-05,0.13412803868604783,1.4317127698504555,0,442,819,632.6548522079806,7.911787442696288
88,8.90437904517178,-0.0007640494254908362,0.00010859848790814986,-5.589153942265828e-05,0.1267607219167999,1.4063329147758004,0,414,819,620.3133698694487,2.3822349804708804
89,8.905712685876733,-0.0007836443929585329,9.734285654578426e-05,-7.505724978312101e-05,0.1064644364668815,1.3705023796202045,0,385,819,607.3975145237541,2.317938370207812
90,8.90657001775341,-0.0013634812794059749,8.311153606649422e-05,7.946430001772586e-05,0.014086027628036013,-305.9966308706954,0,352,819,935.0608731560454,-249.95224677978354
91,8.906593788993884,-0.0013553380771173951,7.804094697527834e-05,7.578379323315352e-05,0.02182521211398637,1.1040994088137033,0,323,819,591.9321579987867,4.8871363382648365
92,8.907478016496157,-0.0013609906127572322,8.306166565627893e-05,8.095012865899202e-05,0.018769312901302487,-257.12792262699105,0,295,819,939.4776317700395,-233.01007805672643
93,8.903862797940151,-0.0012892669960009938,-7.228935770950533e-05,4.088740279815628e-05,0.014201141565649576,1.0656687847798019,0,267,819,592.905518758803,292.8074889404797
94,8.903436584169539,-0.001276937563031844,-7.125832003285693e-05,5.0279662739622104e-05,0.021955797350032134,-177.99600177517488,0,238,819,983.5057676337937,-177.84604276859764
95,8.918288168184814,-0.002607572792325198,-0.00017562696442756566,9.68338608527598e-05,0.7949515678254117,-12.868169231560659,0,210,819,786.5000165444685,5.228928435685011
96,8.905565629661682,-0.0012873704296298535,-6.275865917489618e-05,3.856000224668091e-05,0.02638770913134179,-66.41007453131294,0,179,819,1035.9145126278108,-53.75246480466056
97,8.908869659945562,-0.0013216945865057073,5.6051586687807354e-05,-1.7924314065669247e-05,0.005566164404225165,0.7440369693236681,0,151,819,1068.6148400225595,-240.4476977425661
98,8.90911482707129,-0.0013179494856863096,5.324151122215768e-05,-1.4234221439288426e-05,0.003583832461805612,0.7779132126054523,0,122,819,1069.1881418051162,-204.32382240171418
99,8.908087428968695,-0.001303141831002101,5.1523082468336957e-05,-2.5705927125081475e-05,0.0031155721415770084,0.7853422708582568,0,94,819,1090.7578513141464,4.893002940205448
100,8.863134702593223,0.0020245174474649713,0.002184327173946286,-0.00325342368503193,0.8956849973070368,2.989963622942744,0,820,847,833.5539663969109,6.086362851207612
101,8.865948125993903,0.00015611354378697277,-0.0005832932985203798,-0.00048321594889641484,1.0034349189451963,2.679378873580721,0,791,847,817.0110219279993,9.634526998008528
102,8.844435481934653,0.0005279830563478041,-5.108506902979486e-05,-0.00040490978958034876,0.7454308728152832,2.324066414129076,0,760,847,803.5732124770465,12.391161125693744
103,8.76347855993821,0.07148792732651899,-0.0033452148806670853,-0.010961921776666784,0.0075258272505826455,-425.28901629370296,0,731,847,1303.8161178503258,-413.17291765944805
104,8.95206019687998,-0.03578344313744916,0.0036107702630672296,-0.0085134857053729,0.003362344347739374,-429.1246887950434,0,701,847,788.9969429606018,441.85118749155004
105,8.958746561397833,-0.029119609691764397,-0.001521475442702407,0.007762585882701386,0.004737971742850273,-425.60499655075813,0,672,847,795.9994224111438,-416.9761022404722
106,8.952045310622095,-0.026661049425757782,-0.001057368656999526,0.007052609720086234,0.005209811886972387,-420.5226467598774,0,644,847,796.9445341131385,-402.08263156614964
107,8.880349944137496,-0.0014689352300646461,0.0003189676325046424,0.003834754287911578,0.15869185912254208,1.4431105715369938,0,616,847,731.6933884744709,1.9493109604108525
108,8.87843784018516,-0.0009031752757676336,-0.00022160960345172292,0.002273076839653661,0.14840565352613108,1.5167972375991352,0,585,847,717.1433091806317,1.9325833647889048
109,8.875072336669744,-0.0006544501016452894,-0.0002094243655118189,0.0022966430669312567,0.11863816905277896,1.4305877928915054,0,557,847,703.6099250611934,1.9221371146425887
110,8.875310144998277,-0.00038960412567442426,-0.00022599535652735847,0.0012470017103943817,0.12852999206549573,1.545616938828358,0,528,847,689.2499966320826,1.8958345093732278
111,8.87580403488584,-0.00042144648375008075,-0.00030492176533296317,0.001192623686108105,0.11645729692884986,1.5183041297809998,0,499,847,675.0528884876528,1.8716786551092237
112,8.906481135938199,-0.0013425508310130646,-5.942181693868282e-05,0.00011897748861012737,0.05823110405879321,1.2217005597288892,0,471,847,663.2262804918189,7.811371327563354
113,8.906065139848243,-0.001334088079706298,-6.012451638938827e-05,0.00010888561817951742,0.05017699596396477,1.1968381439651699,0,442,847,650.8147986908363,6.516694758030262
114,8.913098511751583,-0.002478871892584304,5.164734246173148e-05,0.00010136992807084596,0.018784430748009364,0.9847435337375235,0,414,847,649.5195905827401,345.3131248116775
115,8.913256799366403,-0.0024952661107256334,-6.384541885906075e-05,0.00010305466017386781,0.9720114666887723,-12.85113479712627,0,385,847,785.5001294065187,5.969588370828796
116,8.907480972703198,-0.0013496078410667222,7.878339222097547e-05,7.286859184754743e-05,0.033739821276579075,1.1314288394932572,0,352,847,615.42821019282,4.883696423030276
117,8.907344457369868,-0.0013472116988311876,7.671175223813515e-05,7.167512377578065e-05,0.0154349012946645,-318.87190641884945,0,323,847,950.0077196758674,-319.3965294080897
118,8.907924154383505,-0.0013567192106331712,8.32099085448227e-05,7.87648116428477e-05,0.026758866395796943,1.101836775208775,0,295,847,595.104946723226,3.638951374632607
119,8.90392887788653,-0.0012882179206920115,-7.377055008140726e-05,4.1177730908084405e-05,0.025391430792117295,1.0897535387786106,0,267,847,594.4595158849265,323.2221879622862
120,8.903149250993836,-0.0012778238047494908,-7.141753612509015e-05,5.171186102016241e-05,0.02211525909305303,1.07438344628987,0,238,847,569.3371964656457,8.37916579116713
121,8.917147147944757,-0.002607055326356591,-0.00017440463613632698,0.00010239590695545559,0.005608600080797951,0.8567851827470161,0,210,847,602.2504517910361,265.17162496831986
122,8.904259174499717,-0.0012904721490667862,-6.0473069735684995e-05,4.2037356723713554e-05,0.017929454011952523,1.0467669332665432,0,179,847,554.8032112926016,8.258923403604818
123,8.907848935628142,-0.0013345588770847818,-5.09992167494327e-05,3.403714980951605e-05,0.0038900388003897143,0.7657242980490883,0,151,847,1037.4899407847172,-333.7481382177436
124,8.907201065846847,-0.001327875031220318,-4.6072041246327136e-05,2.901972275764795e-05,0.7311238056962456,-13.834965651803293,0,122,847,784.4973749494962,14.319931198754354
125,8.912748413373947,-0.0009542792420058717,0.0004021321709039934,-0.0007411044506822401,1.327765865722289,3.6102861715723247,0,848,876,861.9923640159791,4.512317327414093
126,8.944738683543973,-0.003643440139901996,0.00040134372450395116,0.000631018956199697,0.002132093111342061,-435.02260550812815,0,820,876,1322.7643009017488,455.1162692100806
127,8.897306511953907,-0.0004888746298088642,0.00016018780237861443,-0.0007331938197081661,0.7838778833140514,2.382690129129555,0,791,876,833.2227538395482,8.363500423551068
128,8.883953392864722,-0.00166684205621608,0.002093981614853945,0.002461289708631702,41155.01268774277,-16.78462364419582,0,760,876,833.5737166408012,-8.427291027946913
129,8.900834635757038,-0.0007217602456366822,0.0006422185700599232,0.0006648383737553855,0.2561571003713332,1.7450217859691775,0,731,876,811.2624142033148,20.465057065757748
130,8.902921878388653,-0.0001466600712882178,-0.00012598933212269324,-0.0001004044388020058,0.3831678048164273,2.099635714912025,0,701,876,797.1376113032552,24.52617922331502
131,8.873540111771607,0.0001758638448986024,0.003134478063880935,0.005249570135770194,9.60742009733744,-15.661668558185333,0,672,876,834.4706786278914,-3.495220974422848
132,8.878572086596654,-0.001108969679155546,0.002478932857129925,0.0059989542630818245,0.14413359283158794,1.2674768304061115,0,644,876,759.8606483438349,1.9398407795958525
133,8.916598906609423,-0.005518438660959397,-0.0031158735786955233,0.001553266582116171,1.1911076706393262,-12.81062194254894,0,616,876,864.4998475055984,5.214782287193361
134,8.92004132087184,-0.005742106913650465,-0.0031342094435690315,0.0012762866568293476,0.9089675153672553,-12.479259350403854,0,585,876,864.4999839563077,5.107708618741989
135,9.011604636138022,-0.015795159623340008,-0.0009514758591565793,-0.003223046604175903,0.014885961706725185,0.6357143984895656,0,557,876,672.8906534372072,265.5238352906818
136,9.095826506299883,-0.0430595071627601,0.00014808689855418965,-0.006028584952645594,0.0009101794237988552,0.26287603385134395,0,528,876,1361.1280221259005,4.9181285135278126
137,9.255397636545782,-0.12653297902947208,0.0027611992328140478,-0.010504514950426562,0.002900437550788733,0.2760006250816963,0,499,876,740.6140260822399,303.7875076138903
138,8.91951616168813,-0.00919281112793185,-0.004079821855649186,0.003663676529430868,0.008181973906412756,-422.6811392691271,0,471,876,859.00020619949,-404.57381793934684
139,8.925844420294657,-0.010380983039530943,-0.004691067216104522,0.0028510316156868834,0.0035370780941041996,0.41221429586516173,0,442,876,1249.1306545399493,-155.4630953346053
140,8.928466027748668,-0.010836430851762663,-0.004918943320646973,0.0024146575517826102,0.0033605199748975153,0.38272278092800893,0,414,876,1262.1407871305885,-194.82600202378418
141,8.920791727282152,-0.005655845371086451,-0.0025619697210998034,0.0009438995618362721,0.007052905768804776,0.724522836367651,0,385,876,674.3276622447328,-245.65112130534553
142,9.07139724362825,-0.04666096810809222,-0.00732050623913685,-0.004351945829114118,0.0014006624468168474,0.36871461446405496,0,352,876,781.903880472932,-398.57182026535816
143,8.90924656314424,-0.0006575923598650888,1.648745499338191e-05,5.044188851164009e-05,0.895740766189715,-14.888877574734034,0,323,876,813.5000296650344,-1.997063115339622
144,8.909565136878088,-0.0006603706677242292,1.768712385148632e-05,5.3112130002591356e-05,0.07184707599264475,1.29121163327944,0,295,876,600.0965265788165,3.674321266988979
145,8.904668813766921,-0.000619003698036984,-3.583463118882937e-05,-4.22058978550347e-06,0.07709422818812436,1.291023276257502,0,267,876,586.0700168169404,6.2404357562589805
146,9.056017263470867,-0.0005822197265910749,-2.4040848392214086e-05,1.7889512453005036e-05,0.05676312924123133,-365.22027548201015,0,238,876,967.5767998230568,329.59465369531904
147,9.06017287212292,-0.0005782037374205146,-2.7719301349652355e-05,1.3942910620659601e-05,0.04283468260961695,1.2097647883660876,0,210,876,767.7164664203987,14.53818907596537
148,9.069100726070525,-0.0005851526440730177,-2.6401986280151608e-05,4.506759158871246e-06,0.06757603532008245,-339.97041388855183,0,179,876,1035.9605335773786,339.7194234047798
149,8.906938702751502,-0.0006320975238351251,-2.7795010110917556e-05,-1.2544779610600825e-05,0.05506190308719849,1.2303614178232811,0,151,876,556.4627241655585,18.51480918023442
150,9.113069199903586,-0.1447792044836015,0.03197610580570114,-0.004518549049482852,0.014650749248999007,-434.94211527591756,0,877,904,1319.6371432043777,-405.1854271674124
151,8.95748469883648,-0.0020725599341305514,-0.0005076887241047419,-8.900286157453346e-05,0.8533320364152042,2.233143044980709,0,848,904,875.7828467422079,4.946722971500379
152,8.96627294047089,-0.006487654360392429,0.0008799680083828602,-7.814108697283278e-05,0.0025678785658297116,-436.33547979813403,0,820,904,902.0042299017634,-429.0437407891371
153,8.682729391197526,0.0043166775140142674,0.0026884166160410024,0.0009266118159003004,0.4976390461969326,1.7686878755093594,0,791,904,846.9907792925738,2.5476788946676674
154,8.9844987186521,-0.0008068805936719348,6.452551068127403e-05,-0.0002582739759689167,0.4440320763797625,1.881214794994503,0,760,904,832.2114850605925,8.760844606744774
155,9.01713983136742,-0.015706161615182665,0.0005132043214922313,-0.0032867026582325937,0.0078115376957808074,-407.1354326519978,0,731,904,1322.9405663133273,-392.7772679456889
156,8.973644887889735,-0.0023082400959290074,-0.00019593180886182446,-0.0008116748032996626,0.0042557097078447575,-426.1480719769143,0,701,904,1287.8027913149956,-417.8973155085905
157,9.432816791385322,-0.3133683416283605,0.014909271876302813,-0.00157351951725397,0.0016533489669077616,0.12854373838453867,0,672,904,885.3887639994877,371.6321453267263
158,9.198232888354854,-0.10127309661924747,0.008168703429294608,0.003029122340146288,0.007414521751125469,0.29959205923237714,0,644,904,721.8087466577842,385.8713595735485
159,9.0163901976143,-0.016131580451952003,-0.0006006552587960812,-0.00317106503321698,0.013967853196483759,0.5921584437314651,0,616,904,679.8871595730764,309.40094066262645
160,9.030229058310722,-0.017483951011969145,0.00014876066925881867,-0.0032775633212046612,0.012195302693379307,0.56975243056033,0,585,904,668.636193733901,297.98788393857865
161,9.007346203360479,-0.015528870433527695,-0.001473400206229931,-0.003071319055361381,0.015256481593536724,-262.99981792209854,0,557,904,1227.048929141341,-250.3174147076697
162,9.019081400393587,-0.016753766928431696,-0.0006512611790865563,-0.0032952830906449464,0.019119426968358295,-196.82420217038933,0,528,904,1236.5713189275516,-187.6062698029733
163,8.99497299411642,-0.007888063706043688,-8.635315458086207e-05,-0.0016991801280364714,0.016387020437169504,-214.0020135622529,0,499,904,1241.6866697099151,-212.56786048747543
164,9.006117552720564,-0.008483663625927155,0.00029547420277130934,-0.0015157378220942948,0.020038332480905162,-98.53567578664887,0,471,904,1271.875423721924,-89.88100223393955
165,8.975655349760936,-0.015504327752407352,-0.004273720896371173,-0.0003206659921000298,0.005452762406675535,0.5000130262239296,0,442,904,668.3347423340676,-342.70238534037696
166,8.978889968205127,-0.01578717277364716,-0.00418976748007246,-0.0004650679840004398,0.0049578542413161435,0.5056278165164644,0,414,904,671.523240153781,-342.14802841604313
167,8.984806487043494,-0.016569825828089545,-0.004195308201576085,-0.0009764751715835289,0.0061028027414391445,0.498169499497911,0,385,904,653.0757792716257,-355.4661720486111
168,8.970303557965217,-0.008401382533041358,-0.0019235660303670383,-0.0008267326814566844,0.003990594833969671,0.6338120034125678,0,352,904,691.1297149153237,-365.20132924450695
169,9.061194431411687,-0.0005830815931525871,-2.5386431378719093e-05,1.1013945508055227e-05,0.0461172307055768,-352.5832825851323,0,323,904,992.136692628958,330.0901925410962
170,9.07058467439275,-0.0005920163397946394,-3.061644963998934e-05,1.2239413335661475e-06,0.05274087635157851,-370.79658505906644,0,295,904,967.1735847921193,318.90717227979644
171,9.074601925817396,-0.0005872588607940808,-2.8825313200829864e-05,-3.118187519508621e-06,0.0573060564424648,-206.3854847544663,0,267,904,1255.345856349849,-185.04514288293464
172,9.078430713818058,-0.0005823557857133688,-2.710615171066153e-05,-6.500754206823795e-06,0.06174250459848289,-354.16377849814336,0,238,904,1024.640373365652,-282.62757687133035
173,9.0629042143811,-0.0005780184380896654,-2.8931747020809504e-05,1.1124220004282457e-05,0.04055850577638034,1.2075621685290938,0,210,904,772.351456411931,14.535536421364656
174,9.071065130453729,-0.000584775991481488,-2.6690369638181016e-05,2.442990277302059e-06,0.06586336976326085,-92.61337509115097,0,179,904,1326.8272294518915,-62.4109173468964
175,9.273275016770707,-0.2305184394029188,0.0054624046611044886,0.0064953647335485466,0.051853443092076644,-328.95890187614765,0,905,933,711.5918474921971,242.20416047882478
176,8.9952830102593,-0.004688146952325769,-0.0017506317221492446,3.721981484099987e-05,0.001300924632513046,-439.3281460746772,0,877,933,1388.5170278691007,446.15338345959987
177,8.983259183357305,-0.010379973143163416,-0.0018955527573085715,-0.0030247255558516284,0.001740218744010077,-433.94726972060766,0,848,933,929.4156576771098,443.6502332672691
178,8.9941649149454,-0.0077999483861232915,0.0009711518493279734,-0.0017296601664859377,0.0038217617412644018,-427.99408964285584,0,820,933,1368.8128631177,-413.29239407799
179,8.979995903607817,-0.0006815812402736287,0.00021817771815957666,-0.00017854718459358395,0.43164212108997857,1.9269843720481925,0,791,933,861.9237152309885,8.914676736651007
180,8.982232278715957,-0.000797956858167196,5.089849765344788e-05,-0.0002654582695283298,0.3544275255207946,1.7748902184279232,0,760,933,847.1835537083384,8.378629097338086
181,8.975828006220784,-0.003947636893266763,-0.00022889491792473868,-0.0012822349645259825,0.08948376528812978,1.2062092362560926,0,731,933,832.6823194310095,5.286621584537608
182,8.975971648164995,-0.002313718431391146,-6.751203851686771e-05,-0.0008084845730355054,0.085011253096269,1.2918968098258614,0,701,933,817.8371099321247,5.142877764820366
183,9.206243083556924,-0.10394420745038692,0.007680658591170106,0.0016228108246470528,0.0065686195821983255,0.27187918576089487,0,672,933,726.4439827329397,362.6787855732238
184,8.993235820974474,-0.013734325306452662,-0.0015872204983735302,-0.0027511929420970848,0.0076656443549256645,-370.60192247337005,0,644,933,1288.0636549132023,-326.06754219637145
185,8.981177955140504,-0.007051724285489481,-0.0005385904752008179,-0.0016977655007208766,0.007731516692827241,-421.4803332133411,0,616,933,929.2499539528652,-395.0081355037213
186,8.987211921207646,-0.007413657135074586,-0.00025457184536374503,-0.001811525846676211,0.010043163313083282,-298.42578829979243,0,585,933,1229.2968562619235,-266.22594082928134
187,9.01396261418234,-0.01584668177779148,-0.0003224156402084013,-0.003298025140166366,0.007586718496670194,0.5023171525985562,0,557,933,568.8579218691414,3.0286487886645106
188,8.99717224588435,-0.007845159915120931,0.0001238123513469251,-0.0016674980044959328,0.014321369431813943,-241.45177682217277,0,528,933,1221.3892580980882,-233.64393561527604
189,9.002358744981327,-0.00807805616309753,0.0002951408780469588,-0.0015755887944960995,0.016569592869359308,-214.99367402830958,0,499,933,1230.56289797613,-205.04020146304973
190,9.01125565205656,-0.008561797677664865,0.0005597339921824756,-0.001378212362892756,0.019817067597066272,-95.58631733083975,0,471,933,1279.9417236351387,-86.25564642883863
191,8.998942440519771,-0.004338446081606363,0.0003891908147884787,-0.0005171953586705378,0.019669142923787016,-90.55219091240814,0,442,933,1269.280720134019,-83.02381541877676
192,9.026039835134032,-0.004687814039569626,0.000508871158280596,-0.00016490634222351755,0.0014744972404174704,0.5692659362445044,0,414,933,1329.5309744662682,4.1274700632089445
193,9.072543179859291,-0.0005843269650953883,-2.6448512155841315e-05,-3.819611095558473e-06,0.0407723426902903,-353.940746633707,0,385,933,1034.6559740335967,336.8735794718638
194,9.080217126731194,-0.0005892341568066692,-2.5972448187040592e-05,-1.1110328386029427e-05,0.04620306784000035,-364.38285516009284,0,352,933,1006.6658880578447,-296.6725329222478
195,9.086988325766685,-0.0005914176074218031,-2.1919564015178404e-05,-1.7429062514495898e-05,0.051710282045395864,-395.4215616914441,0,323,933,941.463660683476,-369.1978440375638
196,9.09562724794389,-0.0005979162682978893,-1.726150407713541e-05,-2.42763817256395e-05,0.05843012170234814,-385.6827066925948,0,295,933,972.0453962346146,-344.52424966589774
197,9.077654983196295,-0.0005862076222133334,-2.7220473188229312e-05,-7.740535961757279e-06,0.056101535951120905,-196.71937805513198,0,267,933,1274.34150051703,-159.65318561310028
198,9.061828545457312,-0.0005817040635447218,-2.716343001507313e-05,1.1678507103839947e-05,0.04164811009768429,1.220932929880816,0,238,933,765.1849930470536,14.678313616312176
199,9.107711967895705,-0.0005845005012079459,-1.3385198912331954e-05,2.3255948892583784e-05,0.07261351252778044,-378.0502456290136,0,210,933,998.9921009358637,307.35521822916746
200,8.964943896548526,5.1342796848265294e-05,-0.001055601601088725,0.0005440222995770822,1.0633308945959912,3.505494617643703,0,934,961,947.4425246794373,5.300402323353051
201,8.968398174354386,-0.0005051429550386596,-0.00045086019120643244,0.00036987991951494085,0.8169337268835559,2.9624639480198476,0,905,961,933.0089360312287,4.739691727661155
202,8.99100925946577,-0.0005629855065320233,9.899256875182739e-05,-0.00018080821917746713,0.6219005636268368,2.271773245644388,0,877,961,919.0236416673057,18.510332833025146
203,8.973418580259265,-0.00062242721582658,3.152699211660006e-05,-0.00022644832093917842,0.4762418588385529,2.073174342907474,0,848,961,904.5063105050476,7.659200222188802
204,8.970546119918154,-0.0007342960834299394,0.00016575917319577141,-0.00014590720728562077,0.3755149380450199,1.905245804665179,0,820,961,890.62115132873,4.424301639801139
205,8.973451448100388,-0.0006777226340154476,0.0001294517763081268,-0.00025322799358952746,0.3497151874354593,1.819945120890445,0,791,961,875.7934509907261,8.467090619231703
206,8.979125502729843,-0.0007340936987050674,0.00011970328135631737,-0.00020775177833914191,0.2950938278171409,1.7097990642294116,0,760,961,861.2186510160373,8.192471561454779
207,8.969842519341125,-0.0006473645579920402,0.00012422765633214055,-0.0002153973831410542,0.2668960335132929,1.6994561817441947,0,731,961,846.7569755453976,5.263871218430218
208,8.9715955146882,-0.0012909807311742797,-3.55566885532397e-05,-0.0004952226332121486,0.003225371277928106,-419.79026674459226,0,701,961,951.0056817971388,389.59907176133197
209,8.982008827524444,-0.0040473270725069075,2.1820049100650504e-05,-0.0011123848045914424,0.004814407092256939,-407.17499557946036,0,672,961,1307.4203611637727,372.96464398567025
210,8.980815588186514,-0.00390650165814115,0.00010647195042866014,-0.0009688729328861882,0.005771995348705125,-386.00938838705696,0,644,961,1275.384743581519,344.4526911990826
211,8.980967227546238,-0.0038602316233709876,0.0001482507626803108,-0.0009019545764629577,0.020505825114916366,0.9609590595830987,0,616,961,791.5504832524039,4.805296515729178
212,8.982031604561405,-0.0038695717210660324,0.0001968010274357415,-0.0008787987219975959,0.014408729601449866,0.895065983634449,0,585,961,790.1711274178053,268.0814605336273
213,9.038024314464312,-0.0044216622397078315,-0.00011200509623548781,0.0006388228048416389,0.018259410881069773,-188.29377417465525,0,557,961,1285.203552112481,-187.48309222013035
214,8.982906485747668,-0.0037974414193704497,0.0001914593300535013,-0.0007843318552944962,0.011958918623526977,0.8755559509430763,0,528,961,763.4194519322573,202.22559875913097
215,8.984305707623827,-0.0038143311839388162,0.0002205122289206931,-0.0007562948692818495,0.01016378673991843,0.8561773755512189,0,499,961,754.5862354138198,184.8077250784002
216,8.98832613585977,-0.003949516959419561,0.00032231528553999534,-0.0006728060430769832,0.008114700621710366,0.8330600260753711,0,471,961,746.6221331378308,207.27096550574515
217,8.981253359608099,-0.0020501252371152084,0.0001957163754677984,-0.00024702804194075615,0.015732131357434124,-218.35238139665705,0,442,961,1201.2840641184382,-219.64837459250327
218,9.004337893374972,-0.002180383889165433,0.00024241049360074896,-7.647182129536578e-05,0.001180340149696892,0.8516863913855143,0,414,961,867.0851661015663,-387.683509004929
219,9.077645466885832,-0.0005846164719816786,-2.4791932211509094e-05,-1.048381900203501e-05,0.05883946764434663,1.2857814537652656,0,385,961,783.2552628179266,14.44627992714046
220,9.0843961850961,-0.0005890080414656295,-2.3069396434681593e-05,-1.6385544667558763e-05,0.04550519317212235,-397.9264515954572,0,352,961,1099.7228334708439,-377.21402525011416
221,9.090134147782843,-0.0005905131788635652,-1.8421724680423666e-05,-2.1045369313610237e-05,0.05064330608102105,-391.3588708667386,0,323,961,1125.1494345542244,-355.95512407937593
222,9.097477017385852,-0.0005959102548159707,-1.3558663369303141e-05,-2.641593558137984e-05,0.0568546888432645,-380.7226606777369,0,295,961,1146.187909040173,-331.1331960242947
223,9.117767222284211,-0.0005841975357833397,-2.2422251806745715e-05,1.4554289514300071e-05,0.04065185060430603,1.1950146172745189,0,267,961,863.4084090897252,14.35861555723549
224,9.121943858414223,-0.0005810611566621127,-2.489252997773496e-05,9.904074063864798e-06,0.037375657902704675,1.1813446044627527,0,238,961,875.4693391253194,17.17771417456315
225,8.978517729071667,0.00035181359412215314,0.0004817499978938399,0.0001924756782499251,1.1095497705565862,3.5085496525345765,0,962,990,978.4275520437135,12.287616597896182
226,8.99266498408999,-0.001398239895532806,-0.00037399748192901025,0.00021459238806748277,0.00027172957358534205,-431.69188661239355,0,934,990,970.9941332518596,-436.66037450998624
227,8.989838987257865,-0.0011363648082263831,0.0004153806143393411,-0.00012646517675455414,0.43447438469523963,2.041084452666502,0,905,990,947.4880218663083,10.21538917981551
228,9.013997478548845,-0.0005609614765026203,-8.596960719344703e-05,-9.805420518547246e-05,0.465412919092066,2.043025969563436,0,877,990,937.868969822183,27.1187437832339
229,8.990801585779673,-0.0011617826125270825,0.00018502057724151762,-0.00024160258656816673,1.4601982957368975,-13.78154234196909,0,848,990,974.5003994656561,10.387565011774933
230,8.98935691460823,-0.0007612749904841444,0.00014810325511316843,1.4383988828150798e-05,0.3223007201150662,1.7664527548888718,0,820,990,905.365484575849,7.2998398355823095
231,8.993663217322654,-0.0006594745405332438,9.749522638926866e-05,0.0001760884284562092,0.29567823646945346,1.7270280074563138,0,791,990,890.6264009166613,11.388833568949844
232,8.989623171011772,-0.0007000992879880752,0.00020510877018402554,5.393775051440969e-05,0.25033749118806614,1.6420866647057808,0,760,990,876.0331276441525,10.89961340840484
233,9.005251416774803,-0.0005927068283510949,-4.0669627093186785e-05,0.00014578137228465627,0.2270903063704577,1.6333763638282333,0,731,990,861.5661835962104,8.35369962460864
234,8.992116651498849,-0.0011043090363187583,0.00022523945942526488,0.00019925300135954015,0.08656472075551665,1.36932643987857,0,701,990,846.9060715168029,7.953692145083849
235,9.007209610682398,-0.007260667827852614,0.0013423987325273201,4.416033522209642e-05,0.006665107169354126,-370.176679108237,0,672,990,1310.8502092976123,-343.74973587603023
236,9.008594068878432,-0.007295081988434943,0.0013134561174830998,0.00016466703995776592,0.008056211311406136,-312.58281575756797,0,644,990,1266.8957245134595,-302.48744619270684
237,8.99869360002798,-0.0037595835880098252,0.0006857770151046921,0.00025621709737856825,0.008381496889446503,-335.388880517032,0,616,990,1269.4542839362239,-301.684808688102
238,9.043258116220498,-0.0045020711291499345,-0.0002708506500998034,0.0005888434088119523,0.016415836196079225,-227.93334693738043,0,585,990,1272.1450543098733,-206.90508489613094
239,9.045155780266578,-0.00447955046129735,-0.00029009619519208536,0.0005434569405232257,0.009914063985874598,0.8473081671629442,0,557,990,793.1795908583358,148.18582236440432
240,9.030488885466116,-0.0021840249513863847,-0.00019018241522364217,0.00022807913919548178,0.017704859257652538,-192.7399844991535,0,528,990,1267.8426570193342,-192.63835024869172
241,9.034821335726864,-0.0022179746338688395,-0.00020961436665629897,0.00018702210736903867,0.014199908493652859,0.9918555671526554,0,499,990,783.1880598176243,9.72603500249609
242,9.04200353152619,-0.0022983544540340003,-0.00021507833751913932,0.00011581296734872473,0.008508782277526996,0.9561396252257957,0,471,990,790.3611156008515,9.351272980923154
243,9.00199826283889,-0.0021342517281071386,0.0002488270669914076,-9.347100085255778e-05,0.01814488435645173,-145.3869946848197,0,442,990,1237.2048553684288,-143.52051017999995
244,9.004547316794618,-0.0021638128963462834,0.00024889800141467686,-6.31091192009828e-05,0.009506314879120098,0.95326055597889,0,414,990,739.0251615482748,3.4244444002395897
245,9.114527066385476,-0.0005776435536551518,-1.765723107021174e-05,1.4264197020657087e-05,0.05447466731702117,1.2494420221778961,0,385,990,854.6168402302063,15.941340979387999
246,9.12205649919991,-0.0005816803438202754,-2.2315323878777895e-05,9.088431779613742e-06,0.04513942768607315,1.2203185813986164,0,352,990,875.3192441400481,16.737891165660347
247,9.128841647582055,-0.0005838882595290152,-2.428589889276722e-05,2.40294372202836e-06,0.042856381100873094,1.2054400604227464,0,323,990,886.1977339415009,15.584075667723047
248,9.137602682628216,-0.0005902911682961818,-2.570187624277707e-05,-6.196439935935937e-06,0.040080165331226644,1.189977456635708,0,295,990,899.2147689579641,16.439038183675223
249,9.14128931656058,-0.0005859508315103162,-2.2797991770723888e-05,-9.481560487539408e-06,0.033997225858289,1.1692893013849945,0,267,990,919.9868561508715,-295.82331541986173
250,8.582407305174259,0.2702928768256454,-0.0031777004307315198,0.017978222081958747,0.013581165660748734,0.11443281430158118,0,991,1018,602.2600422768634,-419.6992268642463
251,8.559308192622279,0.28657668127196667,-0.00828312748206182,0.010971873165283181,0.05188281180731208,0.17989384937667996,0,962,1018,801.9877857153443,337.00623764509595
252,8.829857092633159,0.09943629864608375,0.016396093163170672,-0.006891033060071532,2.9045956202268077,-7.344770858786088,0,934,1018,1017.4999832752893,-4.062665122525722
253,8.892376967872819,0.04539544626061259,0.014651420569047289,0.015465062075271156,0.0029158229613315658,-430.4449530184949,0,905,1018,1490.1736510607993,-425.36090864962785
254,8.888190827086929,0.047870628235765655,0.013163780843082565,0.015761213480667138,0.0028919712539514906,-430.14989563333387,0,877,1018,1489.7196087690681,-424.24567269055984
255,8.9925586724288,-0.0008600641709488027,7.844574964392315e-05,0.00020111282302475735,0.3346293925355243,1.759465738828817,0,848,1018,933.2124164378284,4.682711411526445
256,8.993644124866275,-0.001347831212712947,0.0001562831430508771,0.0002228812662591847,0.002394702225990225,-427.5733186681589,0,820,1018,978.4057849040304,432.301036472007
257,8.992301073438824,-0.0012775706976047303,0.0003676307477896711,2.53962978622891e-05,1.106389000594893,-13.831642071130458,0,791,1018,988.5020182330736,8.959208424160572
258,8.992346409470928,-0.001271220380567454,0.00036331148756297356,4.415873523494064e-05,1.002964319099958,-13.855592478320471,0,760,1018,983.4999805804391,8.890072296495239
259,8.992930094488635,-0.0019483558382998524,0.0005265028598764314,6.451577025683985e-05,1.0561713223318823,-13.321719962701057,0,731,1018,989.4998335701812,-0.1886193229429411
260,8.992649338341678,-0.0020239930063442445,0.0004435990337971358,0.00021173333298551132,0.05788086252159644,1.177828877474651,0,701,1018,861.4234070553763,7.763690462500168
261,8.999312689528491,-0.003715584800414987,0.0006042352076675167,0.0003342167919560841,0.027062967403353264,0.9694166021793846,0,672,1018,845.9654771791016,6.400887818140145
262,8.999022505374832,-0.0036761084243730857,0.0005642875753897973,0.0003418158883253351,0.006575329905472914,-370.5663362930759,0,644,1018,1309.6494331755923,-343.03545618394514
263,9.000288317194379,-0.003735816455888884,0.0005602952384735785,0.0004356833815855583,0.00804492293223691,-334.6795628457002,0,616,1018,1278.801287998269,-317.1560334394053
264,8.992333172672673,-0.0019405512499990998,0.00024074824441062856,0.00029743702513115427,0.019624646722656593,1.0294559666486,0,585,1018,833.0048053090312,311.9820708120659
265,8.99297586835819,-0.0019487015336518189,0.0002221538965672846,0.00031396823951458587,0.009921656494998567,-298.48455644928015,0,557,1018,1226.73230331981,-283.77128279123696
266,8.987062323724453,-0.0010180955805950888,6.84901664636426e-05,0.0001570865182974467,0.010629093565582278,-327.240347456116,0,528,1018,1179.9652991159094,-288.6632486023297
267,8.998860126371715,-0.004104927041702496,0.0002756983664672276,-0.000636395208116683,0.007648835099916543,0.7423067410326389,0,499,1018,727.1497483136085,-339.5038242743678
268,9.00056865491864,-0.004190665164035116,0.00033263902692591877,-0.0005850697176285,0.009377563048578366,0.7604307679701547,0,471,1018,691.2909014021518,4.30662443023422
269,8.997708571206145,-0.002073674399981576,0.0002669235585190492,-9.902769517732576e-05,0.008833646519884658,0.9383106478626511,0,442,1018,781.7726761092886,182.63803976700348
270,8.988191241837862,-0.0010311823151897704,0.00011369494735293628,-4.073983365636157e-05,0.021512972765508506,1.1155570701403943,0,414,1018,739.3964685219115,5.643218093276363
271,8.990675246780151,-0.001058185988992925,0.00010673109591659566,-1.2193005497600054e-05,0.019083704348849956,-204.9174914873147,0,385,1018,1179.6647427933344,-217.01928487870703
272,8.982240846681789,-0.0006082587183448654,3.493956850546111e-05,-9.674540573932062e-06,0.057727468279357465,1.2525769520507546,0,352,1018,717.1287391471845,-302.3881034074247
273,8.982406954165466,-0.0006092982390850946,3.580243662409773e-05,-1.04183723183032e-05,0.02230154636695493,-324.4734595036745,0,323,1018,1043.4911311713631,-315.6000530372041
274,8.982964927334008,-0.0006125974510159569,3.9133372572248436e-05,-1.1697535000595822e-05,0.7620387745954686,-15.026508614236867,0,295,1018,955.4972955022835,9.518781563532114
275,8.896268874441489,0.008629601813825558,0.009524272243699483,0.013050384010194465,0.00019535738369299226,-425.93701087111657,0,1019,1046,1034.9145498699932,-425.8387247831613
276,8.869128169379639,0.01613105074336635,-0.007382705014989996,0.006662038333024004,3.955735008458518,-10.986453905670817,0,991,1046,1044.5021755615253,1.0486126651145677
277,8.884674475256245,0.014299966040738646,0.004035406202550529,0.014394499248089616,0.625676142467585,2.151582752113959,0,962,1046,1004.2468008706091,1.293434545580867
278,8.685965621598971,0.10609163834085128,0.011906822597106629,0.004053745249300301,0.035993168005606604,-168.4326711609295,0,934,1046,731.6844732594524,328.48944794191567
279,8.886363066881243,0.00571612352010445,0.0007324914011003984,0.005286873493639658,2.272498216704094,-15.27877719838545,0,905,1046,1044.5000384292468,-6.602521779405153
280,8.889693087483552,0.0011798394697857054,0.0005838184793822646,0.0006682875480132354,0.35935855623863483,1.889898117823187,0,877,1046,961.7384693007649,2.4321296375927974
281,8.884481669090007,0.012651908386736207,-0.00368520557723445,0.012670154149791871,1.9968067642122374,-18.267366961044516,0,848,1046,1045.4963760040862,1.4255958667959852
282,9.030356479074747,-0.04422444505983307,-0.026596226442201505,0.006360960269414666,0.005588537838779349,-425.20438177987023,0,820,1046,1047.879953121268,-405.30223503884076
283,8.894092110530295,0.005217118682827458,0.0009020116454060233,0.005531237825069926,0.4033642573668393,-17.913030648781664,0,791,1046,1038.5024823217518,1.9778610782007904
284,8.89477304402854,0.004635383747003841,-2.7105718149061654e-05,0.005362841018567537,0.0013869510174913985,-430.17829404743975,0,760,1046,1041.4454560960387,-416.0029853621111
285,8.887310279086533,0.005140412847752933,-0.0002489994825755172,0.005387168996732638,0.007177020405575208,-18.57772801928693,0,731,1046,1043.5003926719232,1.7578439330221465
286,8.896136110729843,0.008750803728309777,-0.005631846631102407,0.01163469046313501,0.001267894120841928,-429.2890060893352,0,701,1046,1497.3117423451242,-417.00088808808135
287,8.96605441415066,-0.03020867281144369,-0.03463837063353101,0.009444254212484808,0.0029972692465956613,-425.10964824870535,0,672,1046,1047.8578461952995,-402.76391087318774
288,8.988937696118612,-0.0033373873064545313,0.0005386387494623639,0.00042665377145515365,0.019256936978373947,0.9214178982626485,0,644,1046,843.29320148799,340.5575691270542
289,8.990432068074993,-0.003424667835874048,0.0005379250721405524,0.0005089814555477687,0.014028265442369034,0.8866928953769855,0,616,1046,834.9473916255021,340.33031733718855
290,8.982887224493602,-0.001788661104979257,0.00022852089261807121,0.00033159375501239677,0.0327195464959122,1.0803418054489171,0,585,1046,820.6656321046376,8.516714498747191
291,8.983657492334087,-0.00181269208278367,0.0002073672459397549,0.0003437152373785495,0.027248360147093146,1.0546232995712068,0,557,1046,806.6255520971011,8.429276286790442
292,8.977950233788203,-0.0009530447542841517,6.0252931620590193e-05,0.00017020125842083828,0.049466287102846895,1.2104863360841531,0,528,1046,793.1603162925778,8.362483379325136
293,8.972367476848842,-0.0004926253089152524,2.1548505684118346e-05,7.45964215982631e-05,0.09506129827626282,1.3779866941146288,0,499,1046,779.8088367289112,4.868092442342735
294,8.985055085798585,-0.0019047490355971548,0.0002632338797301677,-0.0001545062886603321,0.008100230365903342,0.9344040818868928,0,471,1046,792.5218391045795,-330.48716754982985
295,8.977773852371865,-0.0009737153935677435,0.00012461994158326225,-4.948551966937363e-05,0.03538784564416475,1.1643389226330823,0,442,1046,762.9065109539678,3.37015183868976
296,8.97844483061205,-0.0009833210075175375,0.0001249186058399217,-3.984861187997466e-05,0.031534219537127185,1.1373727509257567,0,414,1046,746.5011060432407,6.705904218124591
297,9.00019950188986,-0.00424040144526345,-0.0005893398796624133,-0.0005922137574402085,0.005920240325730482,0.7273231831948452,0,385,1046,742.5871316434584,-348.1170007371789
298,8.989523213326832,-0.0021446257520774652,-0.00021349644817367458,-0.000318628599733095,0.004111727348084313,0.8632294618749294,0,352,1046,786.8783067752007,-344.6914243327531
299,8.991234151147031,-0.002202196693635942,-0.00018683153133531804,-0.0003627752016550028,0.0036083370296648106,0.8489863088423285,0,323,1046,790.6878560378016,-359.2005741925071
300,8.827191766530905,0.0033908515339042856,-0.0005903199560494548,0.002480720573656119,0.001025413384126503,-432.68285017853833,0,1047,1078,1529.4409583954366,-440.494113250633
301,8.67083133499826,0.0920550192575802,-0.0014010871110285879,-0.008455831785647731,0.02556960541351247,0.26572307063439604,0,1019,1078,704.4324058275163,429.9421477093514
302,8.832260859154811,0.0013190108533694222,0.00035476341299499163,-0.0001809041877111876,0.7774551887133284,2.0781544703423243,0,991,1078,1034.5677937604582,11.008792159477919
303,8.804102181841818,0.0015431417465536345,0.0002151905617511448,7.211959732327527e-06,0.5438021341222236,1.826601655630476,0,962,1078,1019.8980535877577,14.990929092409084
304,8.781294373645876,0.00394166326883209,-0.0007333583491807896,0.00027103857004431506,0.01295081062724172,-400.6376209330776,0,934,1078,1461.3082036559476,-344.35325174634625
305,8.846491396170626,0.0017206204082402124,-9.684155225329326e-05,0.0006881637646162141,0.21775455931484528,1.564271802459967,0,905,1078,991.52274640867,5.53005039247549
306,8.811649599582028,0.010082803537523392,-0.0017000063031883852,0.0025884356150041887,0.008918120109737202,-398.45940101614724,0,877,1078,1450.9160764707144,-346.2354167483858
307,8.866960040303603,0.0011544726504078354,-0.0005453976561387865,0.0010992961591588164,0.003103828345786492,-427.16106883904456,0,848,1078,1069.4245819716032,-401.4421941900466
308,8.867443639833414,0.00098669429478585,-0.0007412352953714256,0.0010145683244791085,0.002741801027720344,-427.45815186448925,0,820,1078,1069.1110280964501,-401.1883337802617
309,8.858340418174818,0.00041956631020633833,-0.00014944386042696096,-0.0003071733479972104,0.22679125740519152,1.738904474252566,0,791,1078,933.8439116412569,5.498728021528869
310,8.835646722582696,0.016098532337947762,-6.363139094491796e-05,-0.010103408933315168,0.004471891967994651,-410.5613199712451,0,760,1078,1561.9596378324347,-360.2893406157354
311,8.825725777600832,0.01734238199673836,0.0016135326860979525,-0.009796206556491832,0.005120056396356462,-392.0951223530178,0,731,1078,1532.8953657692996,-333.24662065696333
312,8.864361645072892,0.008459091753621462,-0.0048645037452971105,0.006744017805536346,0.0021973323843935033,-427.5260213541272,0,701,1078,1065.9984380168764,-406.9365663986819
313,8.86853505442588,0.0071007852431182635,-0.005975833755265465,0.005770539410757516,0.0019365652238555425,-427.7280774503511,0,672,1078,1069.9998254743207,-407.4254948831521
314,9.017599967563516,-0.07432490993032174,-0.03728243153128134,-0.02394160955872507,0.008716053915440223,-402.83677679747984,0,644,1078,1079.0475072169966,357.49998871482006
315,9.11785280639759,-0.13436380502545126,-0.03464232805492902,-0.03238536256364094,0.027828533870644174,-321.45480628583306,0,616,1078,1079.436046921618,-289.9094835775795
316,9.22706246477301,-0.19873783005018986,-0.030477077819166497,-0.040334720053134626,0.061876356433335215,-88.56736218310351,0,585,1078,1079.8352711647972,-315.21839460882785
317,9.231599303741437,-0.20242051631772762,-0.028850333436989884,-0.043025227492298264,0.005872253997885367,0.0664071660675577,0,557,1078,1076.2716340285522,-353.7546846141403
318,9.145283414621,-0.1644821560537331,-0.018433457688900354,-0.060027445771956955,0.041575650614086704,-3.964770092491914,0,528,1078,1546.9035253996826,-174.17178868128892
319,9.078509452749417,-0.12982182918259205,-0.018174042592430734,-0.06251861886371174,0.5119649073838372,-7.771949246800148,0,499,1078,1072.4999934511318,2.6865547350449552
320,6112.709990116091,-6103.905319567088,-0.0038509927722850793,-0.1568759438027507,18047087.49815673,-0.7208730404578001,0,471,1078,1171.8517949180796,2.423668995125247
321,-5981.697162008562,5990.470250333678,0.05319932685286815,-0.1754293369717541,7653142.402876172,-0.1762057653872184,0,442,1078,1212.1473422922272,0.8292053646662458
322,8.824512697731663,-0.013534790465511629,0.006162509186415079,-0.08534939473331861,0.004659864443043216,-423.4556193106638,0,414,1078,1078.999881863175,-392.560952279358
323,14721.02620987163,-14712.266238282089,0.07928161667839945,-0.17975144626578127,107073368.98927839,-0.8801715974825635,0,385,1078,1207.483510150435,-0.7433267759118141
324,8982.586645640846,-8973.837816001718,0.09625705062179539,-0.18395392447528355,39033270.93677488,-0.7047993616718827,0,352,1078,1185.341782826993,4.744884496724844
325,8.86046866671006,-0.005671915700253177,0.0027795050528439448,0.00131719976718742,0.0018039437919120532,-433.0802109144693,0,1079,1108,1103.9967384886868,-438.57671742586723
326,8.77361821995591,0.007078438864298031,0.00576802959322928,-0.003187872794656101,4.853168350819639,-14.80002241393112,0,1047,1108,1081.4999972207531,-12.871066366580772
327,8.66080770545006,0.09996075749542802,0.0029427636282528314,-0.006215478352158518,0.020486761667322103,-397.98985485836886,0,1019,1108,1467.1378992950767,-397.37548960519956
328,8.743408040748648,0.028346143372526545,0.0030971274764909256,-0.003150620290919636,0.011654075529436226,-402.4978873743351,0,991,1108,1490.3375542135125,-391.2197401612674
329,8.779176062733304,0.00871786052575501,0.001003634541913872,0.0003399574488226632,0.11952611322612772,1.1128011446583708,0,962,1108,1031.9416680342629,332.238908381083
330,8.75745646304839,0.02508842736856965,-0.0006257571670565185,0.003974692294346412,0.014415678147429842,-387.00758317911317,0,934,1108,1460.553429031016,-369.3875494919118
331,8.764698237246932,0.023097149906755307,-0.002252335834775785,0.004280805508028745,0.013933077305137249,-361.3338649320218,0,905,1108,1431.1539038168034,-333.31090981721974
332,8.767319776321806,0.02192970573673366,-0.0035572880712333096,0.0038008657645574474,0.013763807027503756,-184.4103740774602,0,877,1108,734.7108354607124,180.90082880538128
333,10.261248591721232,-0.8236467384065128,-0.02053102087795133,-0.11020524532732039,0.0007562418905344763,0.09342648493727965,0,848,1108,1608.1873564437524,3.5661144608969484
334,9.230316445518076,-0.13161945800830616,-0.025346557709564795,-0.04480010169398019,0.05147529233101317,-242.581085528438,0,820,1108,1459.3586302129927,-263.6549650390818
335,8.798990554413662,0.0005762030536160044,9.018024085866603e-05,-0.00033420551843915317,0.19514918126231706,1.607996694581777,0,791,1108,949.5747303403625,5.519369370805817
336,8.74907511087428,0.015122595114319775,0.0038517409617705024,-0.004903845817543553,0.014320399983510335,-323.49015120936986,0,760,1108,1491.1466728413134,-269.07898380353794
337,8.761860539856679,0.007467794906672089,0.0023714648396670956,-0.002390040387395212,0.014434547384783794,0.7992196857401046,0,731,1108,909.8017214015853,5.455706204150566
338,8.54030428671534,0.20131790160516785,0.03402729087984196,-0.01244270138120615,0.002268869894151541,0.04897481867103086,0,701,1108,1615.6832363454446,4.745563916832964
339,8.760126541403983,0.07122609329885811,-0.04341795506888121,-0.018621565300742077,0.011085858723305066,-392.2309805837247,0,672,1108,1534.319387734001,-348.23638766254606
340,8.841400345574336,0.02141446087945791,-0.04238040554661071,-0.026634779938392177,0.002998477870449856,-425.619633033861,0,644,1108,1574.3972229521275,-400.22842422932587
341,8.929987074369777,-0.03222406722586194,-0.04025563401685324,-0.03473048145983699,0.002976377685118971,-425.21398190690434,0,616,1108,1109.2757905076935,-401.38183056127735
342,9.020668648188824,-0.08648792595845456,-0.03704145769742689,-0.04235061673535874,0.012526403796656007,-416.5433443727004,0,585,1108,1109.9209371221407,-380.3612812421529
343,9.067008250604516,-0.11386270313994211,-0.033691824505626425,-0.046064347580971866,0.004233539554018983,0.08464440143124122,0,557,1108,1529.334656248508,-59.53132661864527
344,9.12669644014727,-0.1489951886750555,-0.02989229545198339,-0.05046029764828565,0.03726930665298807,-220.13751019221954,0,528,1108,1104.6293881784015,-232.21812705879228
345,9.154543498325472,-0.1653548277492873,-0.02687706649662569,-0.05258244869934054,0.005888104720990845,0.06956218603063377,0,499,1108,1524.1558386621878,-155.65792121823864
346,9.193614428475774,-0.1882034760091273,-0.023408912010039692,-0.055251760297310056,0.006417635253226059,0.07799139045994453,0,471,1108,1527.0660825353123,-158.39312447476277
347,9.259047086383644,-0.22604794187865968,-0.018643548722129668,-0.05890933596569917,0.006356183012105748,0.09432244401772866,0,442,1108,1108.8523033206454,-286.2607787488013
348,9.292367900909962,-0.24535655859775715,-0.015239608243225438,-0.06080467754487501,0.0009607743236776482,0.11745703384611134,0,414,1108,1595.7857938993702,2.6503341757440975
349,9.351327428261113,-0.2790480451657967,-0.010410368459689992,-0.06331970437411998,0.000981883451201432,0.11517158221909767,0,385,1108,1600.9506635330463,2.663752848326113
350,8.930173895969753,-0.0021347403474585957,0.0003282015303139432,0.0003402357354957324,2.0016337469967334,2.94798410466489,0,1109,1137,1123.0426559123155,66.81891107973004
351,8.915388142323204,-0.0026199172937242327,0.0005574755739801239,0.00016095873279535318,1.100124045583872,2.1415367832847547,0,1079,1137,1110.0567994375251,166.31135473326268
352,8.899299047832363,-0.0012501539984238494,0.0010024441905803355,-0.0003629232541130036,0.8177261127042879,2.1145022010643713,0,1047,1137,1092.538268905005,8.45948764784946
353,8.904730416700017,-0.0007534646556157002,-0.0007195785092394783,1.031284619443013e-05,0.6761923475126543,2.1554106336827794,0,1019,1137,1078.5977200210184,5.629967241488393
354,8.76820520542647,0.015276756293605526,0.0018935293031746836,-0.0014672035333383787,1.8209243640230859,-10.0349528786661,0,991,1137,1038.4988054829691,105.38167192901868
355,8.766353669194771,0.01571347267835283,0.0014712702457072523,0.00016853030875399285,1.0908056140779128,-9.656385702761671,0,962,1137,989.5011320065777,122.68630246997222
356,8.776438185229406,0.013963091915167158,0.0006545102959174103,0.0019975179523928823,1.0235469443488447,-9.921394249340997,0,934,1137,966.4900092479457,143.73156596400474
357,8.73330109533304,0.045117356632463995,-0.0043764575463718465,0.005663303951210593,0.01835562287368201,-296.20033424396456,0,905,1137,929.0461711922795,349.3109840344775
358,8.737544499342436,0.043421938797304056,-0.005687899815701934,0.005544381268936221,0.017875271376787634,-267.09100766560704,0,877,1137,879.9944196711871,-258.9905439757378
359,8.747603115778295,0.04743199332053624,0.02026781140848596,-0.008244402038188827,0.015751494383405385,-333.26259565970526,0,848,1137,1533.4328119321578,-272.92754847859953
360,8.813669026811553,0.025917434268796946,0.023013110413720714,-0.0038368993702757983,0.035583633860690134,0.6005683546754135,0,820,1137,970.3435372730231,5.816729401726571
361,8.647647111702565,0.04158242860541478,-0.006990700599452275,0.007271657216837063,0.0020737020036250215,0.23124034841417476,0,791,1137,1633.9239851807258,6.132600451813329
362,8.65480951873378,0.07942170967280444,0.01144755985405126,-0.016937873905858016,0.03335780478885279,-193.77615309753304,0,760,1137,1503.1895152387724,-174.13201929031877
363,8.43649155491519,0.2632233082225808,0.024380367366624675,-0.026367914504427593,0.0014241228451480413,0.12097271357550195,-1,731,1137,1131.0567515552666,4.777160414589709
364,8.528456691071971,0.2095345728325252,0.030800031614195113,-0.019718475150093197,0.002187326686379365,0.04836959248536804,0,701,1137,1629.1973999692848,3.7412851650286183
365,8.741801603204724,0.08835593863537289,0.03452988557101798,0.008313896298848229,0.005956553426655764,0.22210659373640862,0,672,1137,864.4008372712406,5.415365914672841
366,8.870360305104638,0.0016745816417799897,-0.02156880238196208,-0.017732269329442954,27.854699290843854,-14.910794808220048,0,644,1137,1128.5065834022935,1.3326632163178143
367,8.881218307552464,-0.003056692234850404,-0.02153562904160071,-0.01993588810008766,2.7784253564954837,-14.758500901808858,0,616,1137,1130.518315999606,1.2701054336990634
368,8.88600751980717,-0.0029380064658622593,-0.011579023532932905,-0.012118694567066213,0.0022667938479833177,-426.51736769258366,0,585,1137,1132.9963797827445,-407.5925860347043
369,8.888345824454818,-0.0036133580139628132,-0.011115946026841133,-0.01259901840220684,0.9824014951092737,-16.045524642733472,0,557,1137,1134.4964348229112,1.3738839118407313
370,8.896010465081863,-0.005390554477025836,-0.010526303650396886,-0.013419710281089006,1.133146244626694,-15.634110950395506,0,528,1137,1135.4900219357626,1.408501318514625
371,8.899226993968535,-0.0060951635449221385,-0.010046349278554276,-0.01371898799177659,0.0038630152951673992,-424.074711876814,0,499,1137,1138.0034836040743,-397.2796757114288
372,8.904167787547676,-0.007270599135692088,-0.00947059337016904,-0.014294326393740833,0.004769615150096312,0.4673946315364,0,471,1137,1535.6356600967492,1.7356042732622015
373,8.916528740912165,-0.00988500243148457,-0.008547880118335982,-0.015205029381793684,0.005531947895251624,0.49661596068490343,0,442,1137,1528.2160509840608,1.7195370405829593
374,8.926341560661792,-0.011788180124520752,-0.007751832542439294,-0.015651647948888976,0.006746758515478197,0.5347256308735907,0,414,1137,1515.153870504956,1.7005713397406363
375,9.048011913721817,-0.08998738273229503,-0.0006714407240288191,0.006936279879408895,0.007008600168778042,-438.13713643377804,0,1138,1166,1166.9991855775488,452.2345212844838
376,8.99784538587125,-0.01791081899136941,-0.002807447559410213,-0.0005805752063154181,0.004452299848896541,-431.59547065322295,0,1109,1166,1628.0674582421427,429.55899648601667
377,8.945967764349236,-0.00206489733418941,-0.00022542046112456976,-0.00028216116986354436,0.7112171849310046,1.9054078825448073,0,1079,1166,1122.7607951930613,14.622958769418004
378,8.931595717740436,-0.0014665938304883979,0.0005467270021150974,0.0006629679597937244,0.6128911790920183,1.8746927819255472,0,1047,1166,1107.1636591177976,8.167631636328558
379,8.9485107711959,-0.000924913679394695,-0.00026451282509428576,-0.0005572347548445667,0.49924724465554865,1.9132450714987055,0,1019,1166,1093.3023769369725,5.592889278577255
380,8.928644380213738,-0.0005171492348350017,-1.0701629558457692e-07,-0.0011806503324349072,0.4207398668667661,1.8651941865381305,0,991,1166,1079.495788929425,2.3211297115638283
381,8.927177138620543,-0.00087945736363025,-0.0005878974373097817,-0.001121391358636367,0.3689029371958324,1.933671490527218,0,962,1166,1064.2707378245334,2.492306106212226
382,8.920556352418986,-0.00026597309574556997,0.0005115147335281521,-0.00011575070692295952,0.31099365912781557,1.884527195626739,0,934,1166,1050.4835641693749,5.5389859244724
383,8.920938022446817,-0.00039643865151761285,0.0008524628523809894,4.011885018613626e-05,0.16878549590087105,1.6577070026824647,0,905,1166,1035.995933228826,5.472702624095195
384,8.83177580427994,0.020343933720619718,0.023057533487709395,-0.0018889045014434357,0.005319764898623206,-403.9384212194035,0,877,1166,1629.1500299078377,-347.01682989660395
385,8.873132760806532,0.0036715345123254865,0.01306102654915734,0.0011781712819440417,0.002367842084511616,-416.5530694824988,0,848,1166,1654.2709911993106,-369.5274735276489
386,8.430512017172733,0.25581458330083745,-0.03631037641789754,-0.0026712023730726246,0.0013422138461027216,0.08042550544238143,0,820,1166,1668.3776657310782,7.206244965512715
387,8.328569610177468,0.31371981530345333,-0.033413531542511324,0.010227451180648855,0.0029429876006398232,0.12558901297051897,-1,791,1166,1164.2334193575675,7.609317896847386
388,8.382446480166898,0.2827545211969873,-0.03497599966996829,0.0001932804831232656,0.0010908457795239836,0.08299061011812722,0,760,1166,1696.085332842198,7.146710524147288
389,8.408668167087564,0.2677218567911592,-0.03326530339867472,-0.007846665019656586,0.0027422378719420513,0.12227256913059462,-1,731,1166,1164.0523394021136,7.577145821249712
390,8.726332011595412,0.09714903561997451,0.032360148106991206,0.009838244343708124,0.004349984846224629,0.1981130567596636,0,701,1166,917.5552487311643,5.538956413268318
391,8.790180586706027,0.061129059189263264,0.03093368108609615,0.015508689546427205,0.009180689245007994,0.2719199580835874,0,672,1166,1023.0304465330282,5.111942906923317
392,8.871644642845627,0.015629110149533876,0.028602297906404298,0.02159809134715428,0.0018083244774308813,-426.55609561085214,0,644,1166,1167.9326901960314,-394.1858770485178
393,8.966647526168359,-0.019197260525360017,-0.0037066197849639207,-0.016555105829583777,0.6931138062830592,-12.823680819276618,0,616,1166,1135.4981589282006,2.5842415879487977
394,8.946489443709279,-0.008781834133761464,-0.001689336458919821,-0.009169081098492082,0.013706265864474512,0.8563803408988054,0,585,1166,1530.024610745099,1.6773302551377274
395,8.921961313703457,-0.00957557375368634,-0.009362202267426387,-0.013221707996447424,0.010774003977211333,0.5653710942643911,0,557,1166,1497.3736858969567,1.7130571762371911
396,8.924224937966114,-0.010263818033814423,-0.00916736507638343,-0.013732992797336195,0.008856844542899549,0.5527954444546889,0,528,1166,1516.0299781997,1.7034745108868443
397,8.92395846846729,-0.010246885384909825,-0.009002250071420312,-0.01379834532151568,0.007238508398531212,0.5343205089445893,0,499,1166,1519.4828285625158,1.700671596774826
398,8.92675032183085,-0.010915400368277772,-0.008725847984330173,-0.01414193894554163,0.007200568974301397,0.543019860478598,0,471,1166,1515.7690742069612,1.6953320446132845
399,8.931225189246259,-0.012107941057505513,-0.008344765023596622,-0.014873086571061147,0.007979592958975613,0.5665012108788965,0,442,1166,1503.4034090049631,1.6866332058282707
400,9.001813269647535,-0.0019227646059001657,0.0004957394688337736,5.0481647553230594e-05,1.97952317423407,3.114023947479402,0,1169,1194,1181.5036858865387,10.249124753006
401,9.443267104483954,-0.3274361497770848,0.004180830865250811,-0.0030420370800621007,0.12411397444087749,-215.05270933484763,0,1138,1194,1342.4457836467934,-169.99260037205585
402,8.98800928763038,-0.005688066367602016,-0.000704938456643312,0.0006810706829109825,0.10028382689957237,1.3593142028958394,0,1109,1194,1151.0184144664006,348.30621178615985
403,9.042682524707129,-0.0017034820854291966,7.725023563223697e-06,0.00021845192139501837,0.5011720579524515,1.8014708970527797,0,1079,1194,1137.4737188638837,5.209388379114562
404,8.98141553350573,-0.00120615364073382,-0.00013972830863671895,-0.0004140935310172042,0.4634366143439854,1.7755419595157569,0,1047,1194,1121.6169942989866,8.583070969906164
405,8.96280229453701,-0.0010100270585289572,-0.00015931667040934778,-0.000594979637914874,0.39836568233643255,1.7794739025230768,0,1019,1194,1107.3371927587673,5.417911807288363
406,8.936436038813977,-0.00012985006395633175,0.0001320658693740775,0.00046055079291317403,0.3624958850962934,1.9483569440965285,0,991,1194,1093.145930972732,6.08971523462998
407,8.952976394841583,-0.00027694070278841,0.00023876896445910008,0.00039104278290608174,0.31401745432906314,1.9107794465881676,0,962,1194,1078.4307188013959,5.779397289419443
408,8.967165024284206,-0.00042536672906952637,0.000371529528206183,0.0002866813391544317,0.27385419702650027,1.7971760494062041,0,934,1194,1064.6244040520767,5.5293090607848185
409,8.960364117237937,-0.00041384406822296945,0.00044703512175855634,0.0002117728894991848,0.2431090267009899,1.751380629552622,0,905,1194,1050.1612466592053,5.3758532802368695
410,8.958699276572714,-0.0011202721838836098,0.0010755370040877392,0.0008922142094548024,0.09905317809785479,1.392410285021294,0,877,1194,1036.121743944995,5.34595569293487
411,8.960707836601724,-0.0011001429792968644,0.0008744391193305154,0.0010064933506764191,0.0021415922333227733,-427.9291200373867,0,848,1194,1611.0053187159529,-399.36410475822726
412,8.822211610246026,0.044062609260386236,-0.01883413136906775,-0.0335120754386854,0.005863771782575389,-406.0378171344378,0,820,1194,1663.3223267637459,-314.43498596852106
413,8.784122433174748,0.0654961039377131,-0.009163439148364188,-0.03373774885630326,0.009942330055040662,-377.50528507618554,0,791,1194,1645.334095877348,-283.5102331898379
414,8.675892571383924,0.12485194709017677,-0.01987533043365799,-0.02707790438456001,0.029357937308641807,-213.70106871719537,0,760,1194,1629.3789258543484,-189.0081302469105
415,8.654630683283338,0.1363021127838831,-0.013575831725376243,-0.028678284604876966,0.0021513320934653086,0.13266589620419114,-1,731,1194,1186.0259832606564,7.6671139615558115
416,8.74252899263912,0.0885391810644121,-0.0050938200175102205,-0.03160942307246595,0.014930775026537162,-354.5173217316982,0,701,1194,1672.9772885315685,-290.2060579166012
417,55048.51096384307,-55039.59860302375,0.007813461901778698,-0.060837221049854374,1500219505.7352526,-0.9134673966737609,0,672,1194,1341.550284903178,6.134762937093627
418,8.959137524473345,-0.030506666508914856,0.025670297995060282,0.023560053437811472,0.0034904289862131834,-419.1108308930879,0,644,1194,1682.4366252771604,368.248865591542
419,9.167772896636604,-0.14414117274766364,0.0037198810602694617,0.035576472111537326,0.002390421390009964,0.11714543745391047,0,616,1194,1037.1784590012878,5.151486764751159
420,9.066908512983128,-0.0481948460102378,-0.0008187137104397112,0.019284971468139477,0.001080008104042892,0.24274251285485657,0,585,1194,1708.9402902848788,4.052821872512988
421,9.094791254706728,-0.05598345031117574,-0.0030116430104069696,0.01925815739806337,0.0010348032587988733,0.23565007586029585,0,557,1194,1724.423995220397,4.0679931567607355
422,8.992668033865968,-0.02381436480954496,-0.0018809123862506536,-0.016830041291997774,0.01004814340233964,-255.8620987962821,0,528,1194,1515.684294034398,-222.34743309907196
423,8.992701425219648,-0.02362584590806056,-0.0017244951357990427,-0.016495532145290866,0.011055464974409701,-233.63719233191472,0,499,1194,1512.8068654080955,-203.96620636447602
424,8.991653433590859,-0.023412949268749567,-0.0016395853010566697,-0.01640631657982317,0.012087461522001438,-417.4876830661301,0,471,1194,1167.9599175912647,-385.9774323454561
425,8.713707966030388,0.1711817837074249,0.03236225158653436,-0.01010506935797079,0.1278659040226766,0.24832854071979285,0,1197,1225,1541.0676538236655,-302.6052515352334
426,8.323110933545761,0.272758007813682,0.04991972198122902,0.0025175552344979947,0.2136816146930518,-207.1517461139613,0,1169,1225,1507.3155251928424,-248.75825877968455
427,8.516661993303368,0.2860409456232642,0.046487693415460184,0.011800061652139803,0.09885514693573766,-300.25913621751243,0,1138,1225,1541.6264940787387,-243.07175786616455
428,8.999954443648262,-0.001244020189820728,-4.5758690310640984e-05,0.00012806568240792565,0.44668558944795633,1.843333031794167,0,1109,1225,1167.2473548441928,14.724817635001461
429,9.003702051178287,-0.0015072122532450063,0.00022858987814918495,9.229203320281784e-05,0.3905461988975978,1.7036456168375698,0,1079,1225,1152.5702699072729,4.663601383216586
430,9.000220295556462,-0.002204907112327509,1.1722022271307288e-05,-0.0006726533562922633,0.20771585373332885,1.467306176755678,0,1047,1225,1137.0700335685933,8.3207135494664
431,9.000467595547173,-0.0033447070704308163,0.0006651756521740867,-0.0011622788244590536,0.00623440866840785,-417.9635883498657,0,1019,1225,1579.674399533727,-382.38269969717516
432,8.636771953399974,0.0032490248540744076,0.00027683968920769387,0.0022982317672867745,0.22094963581572086,1.5064760062616165,0,991,1225,1107.818678722435,2.4125190677945887
433,8.974415232719062,-0.0002401029870717455,-0.0001689025519851934,0.0003947270670515889,0.2727089553894833,1.858322772677792,0,962,1225,1093.2197516680196,5.845670026938464
434,9.000489115601805,-0.0005231981540766937,0.00020626056435151614,0.0004031506631307952,0.23619893575359419,1.6913149108402756,0,934,1225,1079.3453176511746,5.487048721576009
435,9.004524028690696,-0.0005252670975210631,0.00015012412778788527,0.0004111250214134965,0.20807275794550098,1.6447853431190014,0,905,1225,1064.9793246795655,5.406420264453343
436,9.002935811320679,-0.0004859507972784762,6.8242317622449e-05,0.00040602459362527996,0.18709563360193535,1.6239590039487455,0,877,1225,1050.7795121913955,5.353300857856517
437,9.006037992830459,-0.0004793692929152501,1.2265711142106411e-05,0.0003945035340491056,0.16866074510892812,1.5923685099592801,0,848,1225,1036.286865072609,5.297025497497211
438,9.03648053294104,-0.01910368983482221,0.004675004850021252,-0.010309651520260818,0.007979648474547615,-339.36235664686103,0,820,1225,1679.1650155916786,-284.74179431634786
439,9.176250019448544,-0.14019665022470412,0.02257850975070863,-0.028603790263530944,0.033953540567459625,-73.84157766252002,0,791,1225,1103.9838789249056,57.73014903845487
440,9.16843452195905,-0.13475397104341158,0.02670455395693761,-0.021141579455187652,0.0032208684109151786,0.12450351683839905,0,760,1225,1055.868771880302,90.60952425475622
441,8.98445274187261,-0.03652621682939533,0.014985743809417923,-0.0265816843912212,0.0036518665288186028,-408.1254621472272,0,731,1225,1226.9373075302562,362.8470144173589
442,9.031305702502321,-0.061398182426808154,0.020549160081418567,-0.02262412556658599,0.008506601045584077,-363.79696645007664,0,701,1225,1226.9313585755083,315.65658779589864
443,9.093895250231752,-0.09433579975096247,0.02520629651154082,-0.017688505572582308,0.0030698754963620484,0.17372106201823007,0,672,1225,999.5675233312014,58.59614964648612
444,9.200050615095478,-0.1594023792244981,0.003589779963289872,0.03377524297080715,0.0005585479849991725,0.11260502286769779,1,644,1225,1221.0827061246196,3.6063103545131234
445,9.240091267393547,-0.18174566583573332,-0.0002961532345889846,0.03555316655458723,0.0012837302617283385,0.11209852944965656,0,616,1225,1737.4388808510826,4.073376937049156
446,9.290426213147194,-0.20954164782925047,-0.004710208930596655,0.03693043665462465,0.000642225088673594,0.11641831776488082,1,585,1225,1215.021198113785,3.635719948083701
447,9.110404451399498,-0.0601524595960147,-0.004349592048761743,0.01889101130674309,0.0012316265314535472,0.21815524833198716,0,557,1225,1721.8790805907067,4.116147838678379
448,9.13390189095006,-0.066962710010546,-0.006485691784305051,0.018718056728448916,0.0012033051502261555,0.217109949430514,0,528,1225,1721.0168088899234,4.133787872897996
449,9.064159486687988,-0.024802679093890667,-0.004121337630660992,0.009148428470826003,0.0011391075416596575,0.3239560700241079,0,499,1225,1702.1635560250006,4.159308228553317
